staff_id,password
11111001,1DVjN5OE
11111002,U36h@i7h
11111003,pS2nI2b#
11111004,qim3AeCe
11111005,yaZXRmC0
11111006,asR4pJ@X
11111007,Hrq4QqN9
11111008,6oMau0G6
11111009,UVSu5m&D
11111010,30yOD!e7
11111011,x%1VM8zn
11111012,XWHjpwO&
11111013,bJfPF$%#
11111014,2iwIuTn5
11111015,PIZrZo6g
11111016,VEg3QG!3
11111017,Ug2@Izi3
11111018,Ts!aBtP8
11111019,rVvfJ%UK
11111020,DfQnHgKW
11111021,pzPPBVQ7
11111022,Su4nEWYd
11111023,zvWw7avQ
11111024,jgDAhMoj
11111025,wt8N5hfI
11111026,r!bmpZBr
11111027,TpkJeyTi
11111028,mtZaow7P
11111029,vr0SjHES
11111030,jsDgfqTK
11111031,F9@z2jHs
11111032,T3awabXH
11111033,EPbLXvRJ
11111034,R2lI14i%
11111035,nJiaaUBh
11111036,tD3Jr1mp
11111037,lFwYQjwh
11111038,P59EGRTM
11111039,sL6ciJYM
11111040,4daiCAtt
11111041,CYLpbH2%
11111042,WpU2MbOn
11111043,0rtoqGXH
11111044,5God8Jxk
11111045,3V%ZkGu&
11111046,2@M0awd9
11111047,nTMY#hSM
11111048,T1VRm!Ko
11111049,Dc7Viv#o
11111050,CaBwREix
11111051,r%WUAh35
11111052,Pcji7w0C
11111053,t$5SKM6#
11111054,b0LJLOVO
11111055,i#JTwdiL
11111056,%XVUZ!8r
11111057,LqFo3gev
11111058,RA5C2ToH
11111059,M&u6S5P4
11111060,2x6FGPPf
11111061,mIsc@XyH
11111062,mMDtr@g#
11111063,Tk7H3L&n
11111064,hkuG1Mdl
11111065,dCRt!a5A
11111066,UEJXBpk9
11111067,g!LYT8%A
11111068,Ziy2R$Sv
11111069,w0WHIW%y
11111070,lbR3ZAm!
11111071,ycFWP%%%
11111072,QJV5PhGB
11111073,knv2Tnwc
11111074,KDPZfpAD
11111075,S7JcG&$D
11111076,2xBPtmT0
11111077,1vQ#hXrh
11111078,KtLJcGx2
11111079,QYozq%d8
11111080,kiJyvsN8
11111081,1k4q4s$A
11111082,i9valCCP
11111083,$YH$EmDZ
11111084,#JobCXSK
11111085,pkJNOKVn
11111086,F7tt5DfV
11111087,1Aq8E6mh
11111088,V%gnv&X#
11111089,H$bR2FhM
11111090,32WTSp@B
11111091,5flkdNgu
11111092,NrNGLfty
11111093,ihT1Zxq6
11111094,T8WjTSq$
11111095,%pZgeGUu
11111096,IZ5Cp6ud
11111097,FbEWK9az
11111098,m96MQORV
11111099,l4bqEgH1
11111100,935r0Dtc
